NÚMERO UNIDAD,FABRICANTE,EDAD,Clase vehículo,Longitud,TECNOLOGÍA,Potencia,Kms recorridos,Coste repuestos
2749,SCANIA,17,I,10,GAS OIL,230,51801,3003
4580,IVECO,16,I,12,GAS OIL,240,30215,3003
2519,SCANIA,13,I,10,GAS OIL,270,36339,3008
2781,SCANIA,12,I,12,GAS OIL,230,64506,3018
4588,IVECO,16,I,12,GAS OIL,240,27436,3028
2429,IVECO,14,I,9,GAS OIL,260,35014,3029
8548,SCANIA,6,III,13,GAS OIL,300,65004,3030
2651,IVECO,12,I,12,GAS OIL,290,36941,3039
275,IVECO,11,II,13,GAS OIL,240,28206,3047
195,VOLVO,4,II,13,GAS OIL,240,83750,3051
8590,VOLVO,4,III,15,GAS OIL,350,28918,3062
8487,SCANIA,10,III,13,GAS OIL,290,40156,3062
2647,IVECO,15,I,12,GAS OIL,290,33681,3063
7171,SCANIA,10,III,13,GAS OIL,400,27817,3066
2433,MAN,6,I,10,GAS OIL,200,69765,3069
955,MERCEDES,4,I,8,GAS OIL,170,53905,3073
2847,SCANIA,6,I,10,GAS OIL,200,37486,3075
2305,MAN,14,I,12,GAS OIL,270,40474,3079
4067,MAN,17,I,18,GAS OIL,310,33166,3094
4866,MAN,5,I,12,GAS OIL,320,52558,3098
2424,IVECO,14,I,9,GAS OIL,260,34128,3099
4074,MAN,17,I,18,GAS OIL,310,32135,3109
219,SCANIA,15,II,13,GAS OIL,220,41125,3111
8547,SCANIA,6,III,13,GAS OIL,300,52769,3111
2701,SCANIA,2,I,12,GAS OIL,250,82051,3125
456,VOLVO,2,II,15,GAS OIL,260,101852,3147
4556,IVECO,16,I,12,GAS OIL,240,39449,3163
2321,MAN,10,I,12,GAS OIL,280,53630,3168
6528,IVECO,14,I,12,GAS OIL,290,21370,3170
6090,SCANIA,19,I,12,GAS OIL,190,78669,3170
2324,MAN,10,I,12,GAS OIL,280,51376,3171
4870,MAN,5,I,12,GAS OIL,320,46606,3175
225,SCANIA,14,II,13,GAS OIL,220,55893,3184
8506,SCANIA,9,III,15,GAS OIL,320,58400,3185
2770,SCANIA,15,I,12,GAS OIL,230,62541,3192
220,SCANIA,15,II,13,GAS OIL,220,43822,3196
2666,SCANIA,5,I,12,GAS OIL,320,49229,3210
289,IVECO,10,II,13,GAS OIL,240,29402,3215
8425,IVECO,14,I,9,GAS OIL,150,29508,3226
197,VOLVO,4,II,13,GAS OIL,240,65712,3229
4575,IVECO,16,I,12,GAS OIL,240,37611,3230
4450,MERCEDES,15,I,12,GAS OIL,280,44261,3233
4576,IVECO,16,I,12,GAS OIL,240,38903,3234
273,IVECO,11,II,13,GAS OIL,240,28661,3236
4447,MERCEDES,15,I,12,GAS OIL,280,29680,3251
2212,MERCEDES,2,I,12,HIBRIDO PARALELO GASOIL,220,68373,3253
8515,MAN,8,I,11,GAS OIL,200,28357,3253
2659,IVECO,12,I,12,GAS OIL,290,41000,3257
4616,IVECO,12,I,12,GAS OIL,290,55478,3257
4647,IVECO,10,I,13,GAS OIL,290,41898,3261
2658,IVECO,12,I,12,GAS OIL,290,42981,3261
2754,SCANIA,16,I,12,GAS OIL,260,47084,3278
4572,IVECO,16,I,12,GAS OIL,240,35802,3290
2700,SCANIA,3,I,12,GAS OIL,250,76342,3305
2787,SCANIA,8,I,12,GAS OIL,230,73665,3306
2761,SCANIA,15,I,12,GAS OIL,230,60479,3307
4636,IVECO,11,I,12,GAS OIL,290,47411,3311
8545,SCANIA,6,III,13,GAS OIL,300,33592,3316
284,IVECO,10,II,13,GAS OIL,240,23129,3316
4810,MAN,6,I,12,GAS OIL,280,52964,3319
2210,MERCEDES,2,I,12,HIBRIDO PARALELO GASOIL,220,63282,3321
447,VOLVO,3,II,15,GAS OIL,390,67904,3328
6425,MERCEDES,14,I,12,GAS OIL,290,35677,3334
8439,VOLVO,14,III,13,GAS OIL,290,28624,3339
1324,SCANIA,4,II,13,HIBRIDO PARALELO GASOIL,320,108094,3344
4562,IVECO,16,I,12,GAS OIL,240,30949,3351
6087,SCANIA,19,I,12,GAS OIL,190,55975,3353
940,IVECO,7,I,13,GAS OIL,280,31327,3355
946,SCANIA,5,II,13,GAS OIL,320,37328,3362
6515,IVECO,17,I,12,GAS OIL,240,46892,3365
2667,SCANIA,5,I,12,GAS OIL,320,49731,3368
2662,SCANIA,10,I,12,GAS OIL,270,38341,3369
2280,IVECO,18,I,12,GAS OIL,270,20370,3371
4569,IVECO,16,I,12,GAS OIL,240,34212,3376
199,VOLVO,4,II,13,GAS OIL,240,60236,3379
282,IVECO,10,II,13,GAS OIL,240,24438,3387
304,SCANIA,6,II,13,GAS OIL,200,89090,3389
2756,SCANIA,15,I,12,GAS OIL,230,55033,3389
6559,IVECO,10,I,12,GAS OIL,290,37670,3393
2795,SCANIA,4,I,12,GAS OIL,250,85805,3409
2799,SCANIA,4,I,12,GAS OIL,250,71121,3411
4462,MERCEDES,14,I,12,GAS OIL,280,31337,3422
4633,IVECO,12,I,12,GAS OIL,290,54293,3422
1004,SCANIA,5,II,13,HIBRIDO PARALELO GASOIL,320,90693,3423
4651,IVECO,10,I,13,GAS OIL,290,27818,3424
6562,IVECO,9,I,12,GAS OIL,290,39040,3437
418,MERCEDES,8,II,13,GAS OIL,220,50770,3444
2760,SCANIA,15,I,12,GAS OIL,230,63701,3476
214,SCANIA,16,II,12,GAS OIL,220,66788,3479
4861,MAN,5,I,12,GAS OIL,320,57172,3483
449,VOLVO,3,II,15,GAS OIL,390,65925,3487
4574,IVECO,16,I,12,GAS OIL,240,36829,3488
523,SCANIA,10,II,13,GAS OIL,280,71505,3498
2656,IVECO,12,I,12,GAS OIL,290,30606,3507
2845,SCANIA,6,I,10,GAS OIL,200,38309,3512
8477,VOLVO,11,III,13,GAS OIL,300,21712,3514
4708,MAN,8,I,10,GAS OIL,250,51199,3517
8444,SCANIA,13,III,13,GAS OIL,250,44044,3517
8572,VOLVO,4,III,13,GAS OIL,350,38775,3525
4547,IVECO,16,I,12,GAS OIL,240,38115,3533
291,IVECO,10,II,13,GAS OIL,240,25137,3533
6676,IVECO,9,I,18,GAS OIL,380,31871,3539
2755,SCANIA,15,I,12,GAS OIL,230,48753,3556
2528,SCANIA,6,I,10,GAS OIL,280,47284,3565
450,VOLVO,3,II,15,GAS OIL,390,68340,3570
417,MERCEDES,8,II,13,GAS OIL,220,57219,3577
2213,MERCEDES,2,I,12,HIBRIDO PARALELO GASOIL,220,62315,3595
2753,SCANIA,16,I,12,GAS OIL,230,40938,3602
6508,IVECO,17,I,12,GAS OIL,240,47521,3610
4573,IVECO,16,I,12,GAS OIL,240,34826,3613
2774,SCANIA,14,I,10,GAS OIL,230,64557,3613
4865,MAN,5,I,12,GAS OIL,320,59621,3620
4638,IVECO,11,I,12,GAS OIL,290,54029,3632
6244,MAN,4,I,12,GAS OIL,230,77032,3633
1022,VOLVO,3,I,12,HIBRIDO PARALELO GASOIL,320,82865,3635
6249,MAN,4,I,12,GAS OIL,230,72048,3647
7178,SCANIA,10,III,13,GAS OIL,400,25987,3649
2654,IVECO,12,I,12,GAS OIL,290,21505,3655
2797,SCANIA,4,I,12,GAS OIL,250,72168,3668
8580,VOLVO,4,III,13,GAS OIL,460,69042,3669
4864,MAN,5,I,12,GAS OIL,320,54812,3672
521,SCANIA,10,II,13,GAS OIL,280,63331,3684
2765,SCANIA,15,I,12,GAS OIL,230,58951,3724
2657,IVECO,12,I,12,GAS OIL,290,41689,3726
386,IVECO,10,II,13,GAS OIL,330,74186,3727
2792,SCANIA,5,I,12,GAS OIL,250,53912,3747
798,VOLVO,3,II,13,GAS OIL,380,124660,3759
4069,MAN,17,I,18,GAS OIL,310,26578,3763
8443,VOLVO,14,III,13,GAS OIL,300,29112,3764
441,VOLVO,4,II,13,GAS OIL,320,105231,3765
2846,SCANIA,6,I,10,GAS OIL,200,34643,3768
452,VOLVO,2,II,13,GAS OIL,360,91188,3772
307,SCANIA,5,II,13,GAS OIL,230,72668,3783
4862,MAN,5,I,12,GAS OIL,320,54427,3785
2301,MAN,14,I,12,GAS OIL,270,31902,3792
6553,IVECO,11,I,12,GAS OIL,290,37372,3800
4455,MERCEDES,15,I,12,GAS OIL,280,62922,3806
2521,SCANIA,13,I,10,GAS OIL,270,39602,3807
2307,MAN,12,I,12,GAS OIL,280,45751,3815
1015,SCANIA,4,II,15,HIBRIDO PARALELO GASOIL,320,68512,3819
453,VOLVO,2,II,13,GAS OIL,360,91437,3819
455,VOLVO,2,II,15,GAS OIL,260,102334,3842
621,SCANIA,10,II,13,GAS OIL,280,48386,3855
388,IVECO,10,II,13,GAS OIL,330,73341,3883
4561,IVECO,16,I,12,GAS OIL,240,38093,3887
525,SCANIA,10,II,13,GAS OIL,280,72832,3893
2783,SCANIA,11,I,12,GAS OIL,230,62844,3902
508,SCANIA,10,II,13,GAS OIL,280,65750,3904
2112,MAN,15,I,10,GAS OIL,220,41223,3906
4551,IVECO,16,I,12,GAS OIL,240,27825,3928
6436,MERCEDES,14,I,12,GAS OIL,290,22552,3931
215,SCANIA,16,II,12,GAS OIL,220,60186,3935
131,IVECO,16,I,12,GAS OIL,210,49750,3936
4624,IVECO,12,I,12,GAS OIL,290,50919,3960
4863,MAN,5,I,12,GAS OIL,320,57261,3967
4632,IVECO,12,I,12,GAS OIL,290,50655,3968
2768,SCANIA,15,I,12,GAS OIL,230,63037,3968
4464,MERCEDES,14,I,12,GAS OIL,280,60198,3977
217,SCANIA,16,I,12,GAS OIL,220,58035,3980
2115,MAN,15,I,10,GAS OIL,220,56000,3987
671,SCANIA,3,II,15,GAS OIL,260,124905,3994
454,VOLVO,2,II,13,GAS OIL,360,85096,4000
6233,MAN,4,I,12,GAS OIL,230,85976,4003
4546,IVECO,16,I,12,GAS OIL,240,37246,4008
4707,MAN,8,I,10,GAS OIL,250,66038,4012
431,SCANIA,8,II,13,GAS OIL,280,59542,4020
2119,MAN,6,I,10,GAS OIL,220,82827,4020
383,SCANIA,10,I,13,GAS OIL,280,68034,4024
8536,SCANIA,11,III,15,GAS OIL,440,58935,4026
2762,SCANIA,15,I,12,GAS OIL,230,59899,4037
2435,MAN,5,I,10,GAS OIL,200,67690,4067
6221,MAN,5,I,12,GAS OIL,320,75123,4087
4073,MAN,17,I,18,GAS OIL,310,28823,4091
6433,MERCEDES,14,I,12,GAS OIL,290,42586,4097
8489,SCANIA,10,III,12,GAS OIL,290,35065,4108
445,VOLVO,3,II,15,GAS OIL,390,104529,4113
951,VOLVO,4,II,13,GAS OIL,320,50904,4113
890,SCANIA,10,II,13,GAS OIL,360,78470,4130
216,SCANIA,16,II,12,GAS OIL,220,60622,4133
2780,SCANIA,12,I,12,GAS OIL,230,67636,4136
4644,IVECO,10,I,13,GAS OIL,290,52302,4146
213,SCANIA,16,II,12,GAS OIL,220,64818,4153
2778,SCANIA,13,I,12,GAS OIL,230,60654,4156
2789,SCANIA,7,I,12,GAS OIL,230,74119,4173
389,IVECO,10,II,13,GAS OIL,330,60232,4175
4641,IVECO,11,I,12,GAS OIL,290,43327,4184
4565,IVECO,16,I,12,GAS OIL,240,38403,4192
7177,SCANIA,10,III,13,GAS OIL,400,29299,4192
396,IVECO,10,II,13,GAS OIL,330,63237,4200
4860,MAN,5,I,12,GAS OIL,320,47139,4211
4581,IVECO,16,I,12,GAS OIL,240,30787,4224
2120,MAN,6,I,10,GAS OIL,220,80373,4227
6571,IVECO,9,I,12,GAS OIL,290,42291,4232
4622,IVECO,12,I,12,GAS OIL,290,52392,4232
395,IVECO,10,II,13,GAS OIL,330,78652,4235
6573,IVECO,9,I,12,GAS OIL,290,44972,4235
6534,IVECO,13,I,12,GAS OIL,290,31435,4242
6560,IVECO,10,I,12,GAS OIL,290,29337,4243
2527,SCANIA,6,I,10,GAS OIL,280,52784,4248
141,SCANIA,5,I,12,GAS OIL,180,87991,4258
512,SCANIA,10,II,13,GAS OIL,280,52273,4263
2653,IVECO,12,I,12,GAS OIL,290,44402,4265
4465,MERCEDES,14,I,12,GAS OIL,280,32201,4269
674,SCANIA,2,I,12,GAS OIL,360,95251,4276
645,SCANIA,9,II,13,GAS OIL,280,21307,4279
4635,IVECO,12,I,12,GAS OIL,290,58654,4284
444,VOLVO,3,II,15,GAS OIL,390,93722,4286
537,SCANIA,10,II,13,GAS OIL,280,72358,4292
2771,SCANIA,15,I,12,GAS OIL,230,63752,4294
440,VOLVO,4,II,13,GAS OIL,320,102674,4299
405,SCANIA,9,II,13,GAS OIL,280,63318,4305
6555,IVECO,11,I,12,GAS OIL,290,57462,4326
6086,SCANIA,19,I,12,GAS OIL,190,54166,4328
4630,IVECO,12,I,12,GAS OIL,290,49570,4332
2292,MAN,16,I,12,GAS OIL,260,27461,4338
2763,SCANIA,15,I,12,GAS OIL,230,64878,4338
4568,IVECO,16,I,12,GAS OIL,240,32955,4342
4646,IVECO,10,I,13,GAS OIL,290,48622,4348
6430,MERCEDES,14,I,12,GAS OIL,290,38146,4349
6234,MAN,4,I,12,GAS OIL,230,77240,4352
4814,MAN,6,I,12,GAS OIL,320,45793,4354
6245,MAN,4,I,12,GAS OIL,230,77422,4361
6558,IVECO,11,I,12,GAS OIL,290,37833,4375
8546,SCANIA,6,III,13,GAS OIL,300,34373,4376
306,SCANIA,6,II,13,GAS OIL,200,72086,4382
198,VOLVO,4,II,13,GAS OIL,240,66294,4387
532,SCANIA,10,II,13,GAS OIL,280,80955,4390
4803,MAN,6,I,12,GAS OIL,280,60214,4404
2661,SCANIA,10,I,12,GAS OIL,270,39009,4405
6427,MERCEDES,14,I,12,GAS OIL,290,36946,4414
385,IVECO,10,II,13,GAS OIL,330,85115,4423
2767,SCANIA,15,I,12,GAS OIL,230,66136,4427
424,SCANIA,8,II,13,GAS OIL,280,84954,4429
6238,MAN,4,I,12,GAS OIL,230,84375,4431
2775,SCANIA,14,I,10,GAS OIL,230,94493,4433
4557,IVECO,16,I,12,GAS OIL,240,32590,4434
4608,IVECO,13,I,12,GAS OIL,290,35740,4435
4549,IVECO,16,I,12,GAS OIL,240,33454,4445
4869,MAN,5,I,12,GAS OIL,320,52558,4447
295,SCANIA,8,II,13,GAS OIL,200,63926,4452
6566,IVECO,9,I,12,GAS OIL,290,47621,4453
2121,MAN,6,I,10,GAS OIL,220,80778,4460
4849,MAN,6,I,18,GAS OIL,320,59780,4461
628,SCANIA,10,II,13,GAS OIL,280,43490,4475
302,SCANIA,6,II,13,GAS OIL,200,83111,4479
4805,MAN,6,I,12,GAS OIL,280,67768,4481
400,SCANIA,10,II,15,GAS OIL,360,31440,4486
6140,MAN,14,I,10,GAS OIL,240,26338,4491
127,SCANIA,10,I,12,GAS OIL,290,50243,4495
6575,IVECO,9,I,12,GAS OIL,290,39373,4498
2663,SCANIA,6,I,12,GAS OIL,320,50214,4499
432,SCANIA,8,II,13,GAS OIL,280,71515,4509
886,SCANIA,10,II,13,GAS OIL,360,100333,4534
4458,MERCEDES,15,I,12,GAS OIL,280,53132,4544
2425,IVECO,14,I,9,GAS OIL,260,47679,4548
6156,MAN,4,I,18,GAS OIL,230,68448,4548
4601,IVECO,13,I,12,GAS OIL,290,54488,4550
889,SCANIA,10,II,13,GAS OIL,360,75944,4555
4564,IVECO,16,I,12,GAS OIL,240,35540,4557
288,IVECO,10,II,13,GAS OIL,240,45537,4558
224,SCANIA,14,II,13,GAS OIL,220,50316,4562
615,SCANIA,10,II,13,GAS OIL,280,67897,4599
6088,SCANIA,19,I,12,GAS OIL,190,47027,4603
6548,IVECO,11,I,12,GAS OIL,290,46708,4604
6542,IVECO,11,I,12,GAS OIL,290,57165,4642
2779,SCANIA,12,I,12,GAS OIL,230,67273,4642
4871,MAN,5,I,12,GAS OIL,320,50744,4659
8440,VOLVO,14,III,13,GAS OIL,300,34267,4660
4076,MAN,17,I,18,GAS OIL,310,29601,4660
4625,IVECO,12,I,12,GAS OIL,290,38586,4667
875,SCANIA,10,II,13,GAS OIL,360,88448,4668
4571,IVECO,16,I,12,GAS OIL,240,36573,4697
795,VOLVO,3,II,15,GAS OIL,380,146415,4702
2649,IVECO,12,I,12,GAS OIL,290,36190,4706
6437,MERCEDES,14,I,12,GAS OIL,290,30336,4710
4612,IVECO,12,I,12,GAS OIL,290,89290,4724
4620,IVECO,12,I,12,GAS OIL,290,54354,4748
6225,MAN,5,I,12,GAS OIL,320,66587,4754
276,IVECO,11,II,13,GAS OIL,240,49739,4760
4821,MAN,15,I,18,GAS OIL,310,35799,4773
2773,SCANIA,14,I,10,GAS OIL,230,76593,4791
2286,IVECO,18,I,12,GAS OIL,270,23725,4810
196,VOLVO,4,II,13,GAS OIL,240,88288,4836
799,VOLVO,3,II,13,GAS OIL,380,133334,4836
6224,MAN,5,I,12,GAS OIL,320,70070,4837
4472,MERCEDES,14,I,12,GAS OIL,280,26688,4838
382,SCANIA,10,II,13,GAS OIL,280,82324,4844
2664,SCANIA,6,I,12,GAS OIL,320,47935,4854
506,SCANIA,10,II,13,GAS OIL,280,57536,4857
4603,IVECO,13,I,12,GAS OIL,290,55537,4882
524,SCANIA,10,II,13,GAS OIL,280,55128,4894
442,VOLVO,3,II,15,GAS OIL,390,138752,4894
2209,MERCEDES,2,I,12,HIBRIDO PARALELO GASOIL,220,68244,4907
4618,IVECO,12,I,12,GAS OIL,290,54834,4910
2310,MAN,12,I,12,GAS OIL,280,32827,4928
7097,IVECO,13,III,12,GAS OIL,380,25146,4941
2843,MAN,7,I,10,GAS OIL,180,31730,4942
4634,IVECO,12,I,12,GAS OIL,290,43431,4950
4609,IVECO,13,I,12,GAS OIL,290,50616,4968
6130,MAN,17,I,10,GAS OIL,220,78778,4975
531,SCANIA,10,II,13,GAS OIL,280,50421,5009
2434,MAN,6,I,10,GAS OIL,200,68455,5015
6530,IVECO,13,I,12,GAS OIL,290,40041,5045
945,SCANIA,5,II,13,GAS OIL,320,35976,5046
815,MERCEDES,4,I,8,GAS OIL,160,46445,5047
4577,IVECO,16,I,12,GAS OIL,240,41335,5058
2766,SCANIA,15,I,12,GAS OIL,230,59754,5058
6241,MAN,4,I,12,GAS OIL,230,75235,5060
423,SCANIA,8,II,13,GAS OIL,280,75863,5062
6552,IVECO,11,I,12,GAS OIL,290,29502,5109
4859,MAN,5,I,12,GAS OIL,320,53157,5115
4606,IVECO,13,I,12,GAS OIL,290,47749,5121
2520,SCANIA,13,I,10,GAS OIL,270,34442,5127
612,SCANIA,10,II,13,GAS OIL,280,79256,5131
542,SCANIA,8,II,13,GAS OIL,280,85701,5146
4627,IVECO,12,I,12,GAS OIL,290,50544,5169
4629,IVECO,12,I,12,GAS OIL,290,54563,5186
6089,SCANIA,19,I,12,GAS OIL,190,43467,5192
8570,SCANIA,4,II,12,GAS OIL,230,107380,5197
2297,MAN,15,I,18,GAS OIL,320,37652,5212
6434,MERCEDES,14,I,12,GAS OIL,290,36951,5213
414,SCANIA,9,II,13,GAS OIL,280,83589,5222
8559,SCANIA,5,III,14,GAS OIL,450,55156,5224
6240,MAN,4,I,12,GAS OIL,230,82284,5233
6248,MAN,4,I,12,GAS OIL,230,75326,5249
8563,SCANIA,5,III,13,GAS OIL,410,81782,5271
6231,MAN,4,I,12,GAS OIL,230,81150,5275
6429,MERCEDES,14,I,12,GAS OIL,290,29355,5285
6230,MAN,4,I,12,GAS OIL,230,85892,5289
2309,MAN,12,I,12,GAS OIL,280,42477,5313
4857,MAN,5,I,12,GAS OIL,320,56559,5319
4818,MAN,15,I,18,GAS OIL,310,61376,5319
6565,IVECO,9,I,12,GAS OIL,290,39803,5323
915,SCANIA,6,II,13,GAS OIL,410,119374,5334
6158,MAN,4,I,18,GAS OIL,230,78784,5337
4554,IVECO,16,I,12,GAS OIL,240,35508,5348
6563,IVECO,9,I,12,GAS OIL,290,52667,5349
2208,MERCEDES,2,I,12,HIBRIDO PARALELO GASOIL,220,61535,5359
6701,SCANIA,10,I,12,GAS OIL,280,34981,5390
6554,IVECO,11,I,12,GAS OIL,290,64456,5396
6208,MAN,6,I,12,GAS OIL,320,31803,5402
797,VOLVO,3,II,13,GAS OIL,380,135352,5403
2116,MAN,15,I,10,GAS OIL,220,53197,5409
2316,MAN,12,I,12,GAS OIL,280,47752,5409
2323,MAN,10,I,18,GAS OIL,320,46907,5410
2758,SCANIA,15,I,12,GAS OIL,230,60924,5414
4822,MAN,15,I,18,GAS OIL,310,58783,5421
4553,IVECO,16,I,12,GAS OIL,240,24103,5456
789,VOLVO,3,II,15,GAS OIL,380,124516,5458
7110,IVECO,13,III,13,GAS OIL,450,30404,5460
6243,MAN,4,I,12,GAS OIL,230,78750,5464
4854,MAN,5,I,18,GAS OIL,320,59460,5465
133,MERCEDES,16,I,12,GAS OIL,310,104429,5469
519,SCANIA,10,II,13,GAS OIL,280,73598,5470
4602,IVECO,13,I,12,GAS OIL,290,22910,5471
4607,IVECO,13,I,12,GAS OIL,290,83834,5502
4470,MERCEDES,14,I,12,GAS OIL,280,46465,5509
6567,IVECO,9,I,12,GAS OIL,290,33779,5537
4811,MAN,6,I,12,GAS OIL,280,57801,5540
439,SCANIA,6,II,13,GAS OIL,320,67860,5562
529,SCANIA,10,II,13,GAS OIL,280,90806,5562
8537,SCANIA,11,III,15,GAS OIL,440,54483,5568
4851,MAN,6,I,18,GAS OIL,320,50651,5570
4827,MAN,15,I,18,GAS OIL,310,33283,5582
381,SCANIA,10,II,13,GAS OIL,280,74358,5583
794,VOLVO,3,II,15,GAS OIL,380,137533,5583
218,SCANIA,15,II,13,GAS OIL,220,44200,5586
2304,MAN,14,I,12,GAS OIL,270,45244,5587
4466,MERCEDES,14,I,12,GAS OIL,280,42977,5589
387,IVECO,10,II,13,GAS OIL,330,67590,5602
6097,MERCEDES,18,I,12,GAS OIL,200,54782,5603
4837,MAN,7,I,18,GAS OIL,320,44301,5604
637,SCANIA,10,II,13,GAS OIL,280,89093,5622
299,SCANIA,7,II,13,GAS OIL,230,70499,5635
511,SCANIA,10,II,13,GAS OIL,280,58729,5640
6104,MERCEDES,15,I,12,GAS OIL,200,64781,5647
507,SCANIA,10,II,13,GAS OIL,280,63272,5650
528,SCANIA,10,II,13,GAS OIL,280,93682,5665
6098,MERCEDES,15,I,12,GAS OIL,200,63223,5668
4643,IVECO,11,I,12,GAS OIL,290,82189,5669
7240,SCANIA,5,III,13,GAS OIL,410,36434,5671
4653,IVECO,10,I,13,GAS OIL,290,59758,5672
669,SCANIA,3,II,15,GAS OIL,260,84204,5673
409,SCANIA,9,II,13,GAS OIL,280,70251,5689
4704,MAN,8,I,10,GAS OIL,250,61884,5689
2432,MAN,6,I,10,GAS OIL,200,68105,5714
2757,SCANIA,15,I,12,GAS OIL,230,71554,5714
4705,MAN,8,I,10,GAS OIL,250,51880,5718
6213,MAN,6,I,12,GAS OIL,320,87986,5724
6222,MAN,5,I,12,GAS OIL,320,73277,5727
4468,MERCEDES,14,I,12,GAS OIL,280,39645,5729
118,SCANIA,10,I,12,GAS OIL,280,55720,5729
6227,MAN,5,I,12,GAS OIL,320,83592,5751
8452,SCANIA,13,I,13,GAS OIL,200,49464,5755
611,SCANIA,10,II,13,GAS OIL,280,92030,5769
4844,MAN,7,I,18,GAS OIL,320,50313,5772
293,SCANIA,8,II,13,GAS OIL,200,79339,5774
404,SCANIA,10,III,15,GAS OIL,360,43970,5786
6675,IVECO,9,I,18,GAS OIL,380,50501,5795
796,VOLVO,3,II,15,GAS OIL,380,137824,5795
380,SCANIA,10,II,13,GAS OIL,280,80672,5799
4802,MAN,6,I,12,GAS OIL,280,68805,5809
792,VOLVO,3,II,15,GAS OIL,380,138179,5819
626,SCANIA,10,II,13,GAS OIL,280,76000,5856
411,SCANIA,9,II,13,GAS OIL,280,81716,5868
6217,MAN,5,I,12,GAS OIL,320,83035,5872
918,SCANIA,6,II,15,GAS OIL,410,151744,5872
4801,MAN,6,I,12,GAS OIL,280,69063,5877
2776,SCANIA,13,I,12,GAS OIL,230,70269,5880
6091,SCANIA,19,I,12,GAS OIL,190,45551,5887
7109,IVECO,13,III,13,GAS OIL,450,32762,5890
436,SCANIA,6,II,13,GAS OIL,320,79617,5903
533,SCANIA,10,II,13,GAS OIL,280,67632,5916
4070,MAN,17,I,18,GAS OIL,310,32419,5916
8528,SCANIA,7,III,13,GAS OIL,300,84934,5916
6512,IVECO,17,I,12,GAS OIL,240,45213,5917
4813,MAN,6,I,12,GAS OIL,320,55014,5919
296,SCANIA,8,II,13,GAS OIL,200,78715,5919
4475,MERCEDES,14,I,12,GAS OIL,280,40171,5925
6246,MAN,4,I,12,GAS OIL,230,75251,5930
2294,MAN,16,I,12,GAS OIL,260,32737,5937
6483,MERCEDES,13,I,18,GAS OIL,350,50453,5937
6220,MAN,5,I,12,GAS OIL,320,81056,5938
463,VOLVO,2,II,15,GAS OIL,260,142985,5938
4833,MAN,15,I,18,GAS OIL,310,33237,5946
503,SCANIA,10,II,13,GAS OIL,280,62934,5965
8490,SCANIA,10,III,13,GAS OIL,320,67519,5981
634,SCANIA,10,II,13,GAS OIL,280,80918,5990
672,SCANIA,3,II,15,GAS OIL,260,141498,5996
6203,MAN,6,I,12,GAS OIL,320,81185,6006
119,IVECO,13,I,12,GAS OIL,200,24930,6026
2282,IVECO,18,I,12,GAS OIL,270,22103,6026
6546,IVECO,11,I,12,GAS OIL,290,49961,6033
116,MAN,14,I,12,GAS OIL,170,51774,6073
4448,MERCEDES,15,I,12,GAS OIL,280,27595,6098
800,VOLVO,3,II,13,GAS OIL,380,132862,6107
4804,MAN,6,I,12,GAS OIL,280,63714,6109
4628,IVECO,12,I,12,GAS OIL,290,46198,6118
438,SCANIA,6,II,13,GAS OIL,320,80119,6130
4812,MAN,6,I,12,GAS OIL,280,56786,6136
4825,MAN,15,I,18,GAS OIL,310,52597,6139
4650,IVECO,10,I,13,GAS OIL,290,59364,6142
618,SCANIA,10,II,13,GAS OIL,280,62850,6145
613,SCANIA,10,II,13,GAS OIL,280,99722,6174
6432,MERCEDES,14,I,12,GAS OIL,290,32805,6174
513,SCANIA,10,II,13,GAS OIL,280,56309,6176
4648,IVECO,10,I,13,GAS OIL,290,54802,6181
8486,SCANIA,10,III,13,GAS OIL,290,44106,6183
500,SCANIA,10,II,13,GAS OIL,280,49316,6184
4467,MERCEDES,14,I,12,GAS OIL,280,33887,6191
4476,MERCEDES,14,I,12,GAS OIL,280,45683,6196
303,SCANIA,6,II,13,GAS OIL,200,65414,6201
4469,MERCEDES,14,I,12,GAS OIL,280,29212,6204
4459,MERCEDES,15,I,12,GAS OIL,280,46943,6210
138,SCANIA,6,I,12,GAS OIL,180,75644,6216
144,SCANIA,4,I,12,GAS OIL,180,91115,6220
6237,MAN,4,I,12,GAS OIL,230,90939,6220
4619,IVECO,12,I,12,GAS OIL,290,51975,6220
543,SCANIA,8,II,13,GAS OIL,280,86830,6229
829,VOLVO,4,II,13,GAS OIL,380,128690,6244
6574,IVECO,9,I,12,GAS OIL,290,48541,6250
2438,VOLVO,3,I,11,HIBRIDO PARALELO GASOIL,240,80892,6252
422,SCANIA,8,II,13,GAS OIL,280,59843,6260
675,SCANIA,2,I,12,GAS OIL,360,91868,6266
6236,MAN,4,I,12,GAS OIL,230,80209,6267
4454,MERCEDES,15,I,12,GAS OIL,280,63919,6269
935,SCANIA,9,II,13,GAS OIL,280,59788,6270
2782,SCANIA,11,I,12,GAS OIL,230,56320,6285
2318,MAN,12,I,18,GAS OIL,320,41999,6292
887,SCANIA,10,II,13,GAS OIL,360,93488,6314
437,SCANIA,6,II,13,GAS OIL,320,82895,6324
4642,IVECO,11,I,12,GAS OIL,290,76027,6335
6232,MAN,4,I,12,GAS OIL,230,73733,6335
8501,SCANIA,9,III,13,GAS OIL,290,50115,6347
4836,MAN,7,I,18,GAS OIL,320,56028,6348
6211,MAN,6,I,12,GAS OIL,320,77534,6349
128,IVECO,10,I,12,GAS OIL,200,46105,6359
6242,MAN,4,I,12,GAS OIL,230,87141,6362
308,SCANIA,5,II,13,GAS OIL,230,71985,6363
4808,MAN,6,I,12,GAS OIL,280,60855,6367
4852,MAN,6,I,18,GAS OIL,320,58393,6368
4614,IVECO,12,I,12,GAS OIL,290,62016,6370
6223,MAN,5,I,12,GAS OIL,320,77940,6371
194,VOLVO,4,II,13,GAS OIL,240,74666,6372
981,VOLVO,3,II,15,GAS OIL,380,154891,6396
7107,IVECO,13,III,13,GAS OIL,450,23681,6429
7721,SCANIA,3,III,15,GAS OIL,450,51031,6437
4815,MAN,6,I,12,GAS OIL,320,51789,6438
126,MERCEDES,16,III,12,GAS OIL,420,22715,6463
6157,MAN,4,I,18,GAS OIL,230,77717,6468
292,SCANIA,8,II,13,GAS OIL,200,91732,6488
4847,MAN,6,I,18,GAS OIL,320,56085,6505
6247,MAN,4,I,12,GAS OIL,230,75211,6507
510,SCANIA,10,II,13,GAS OIL,280,73155,6511
6538,IVECO,13,I,12,GAS OIL,290,49389,6513
2308,MAN,12,I,12,GAS OIL,280,43685,6518
4637,IVECO,11,I,12,GAS OIL,290,49862,6521
6209,MAN,6,I,12,GAS OIL,320,63009,6553
4451,MERCEDES,15,I,12,GAS OIL,280,60702,6563
407,SCANIA,9,II,13,GAS OIL,280,71352,6569
6561,IVECO,10,I,12,GAS OIL,290,25029,6578
8512,SCANIA,8,III,13,GAS OIL,290,30190,6580
6532,IVECO,13,I,12,GAS OIL,290,25412,6582
6239,MAN,4,I,12,GAS OIL,230,78267,6582
2437,VOLVO,3,I,11,HIBRIDO PARALELO GASOIL,240,81081,6584
212,SCANIA,16,II,12,GAS OIL,220,64031,6586
4613,IVECO,12,I,12,GAS OIL,290,80407,6600
6112,MERCEDES,13,I,12,GAS OIL,210,75328,6601
2284,IVECO,18,I,12,GAS OIL,270,30271,6604
846,VOLVO,4,II,13,GAS OIL,380,140367,6612
408,SCANIA,9,II,13,GAS OIL,280,66314,6622
426,SCANIA,8,II,13,GAS OIL,280,66443,6638
222,SCANIA,14,II,13,GAS OIL,220,54433,6645
6207,MAN,6,I,12,GAS OIL,320,62958,6664
6229,MAN,5,I,12,GAS OIL,320,88247,6669
6212,MAN,6,I,12,GAS OIL,320,79328,6687
4829,MAN,15,I,18,GAS OIL,310,26493,6723
412,SCANIA,9,II,13,GAS OIL,280,70179,6729
4626,IVECO,12,I,12,GAS OIL,290,39157,6732
7149,IVECO,11,III,13,GAS OIL,450,30193,6737
4809,MAN,6,I,12,GAS OIL,280,52406,6775
134,IVECO,15,I,12,GAS OIL,200,41780,6797
6215,MAN,6,I,12,GAS OIL,320,88696,6801
390,IVECO,10,II,13,GAS OIL,330,75919,6812
6142,MAN,10,I,10,GAS OIL,180,70682,6814
2317,MAN,12,I,18,GAS OIL,320,35303,6814
377,SCANIA,10,II,13,GAS OIL,280,67283,6818
516,SCANIA,10,II,13,GAS OIL,280,57355,6824
4461,MERCEDES,15,I,12,GAS OIL,280,33210,6837
2315,MAN,12,I,12,GAS OIL,280,48222,6848
394,IVECO,10,II,13,GAS OIL,330,73022,6854
2650,IVECO,12,I,12,GAS OIL,290,35807,6855
6551,IVECO,11,I,12,GAS OIL,290,53669,6866
527,SCANIA,10,II,13,GAS OIL,280,105460,6870
4583,IVECO,16,I,12,GAS OIL,240,22372,6872
534,SCANIA,10,II,13,GAS OIL,280,68927,6884
8450,SCANIA,13,I,13,GAS OIL,200,85385,6904
638,SCANIA,10,II,13,GAS OIL,280,50852,6905
6210,MAN,6,I,12,GAS OIL,320,66948,6909
301,SCANIA,6,II,13,GAS OIL,200,65603,6914
549,SCANIA,6,II,12,GAS OIL,320,70331,6942
6154,MAN,5,I,18,GAS OIL,320,61310,6952
630,SCANIA,10,II,13,GAS OIL,280,96840,6953
6235,MAN,4,I,12,GAS OIL,230,74526,6957
2426,IVECO,14,I,9,GAS OIL,260,51501,6974
6214,MAN,6,I,12,GAS OIL,320,45076,6978
4709,MAN,8,I,10,GAS OIL,250,81267,6983
4929,SCANIA,9,I,18,GAS OIL,280,21047,6990
8451,SCANIA,13,I,13,GAS OIL,200,70583,6998
4841,MAN,7,I,18,GAS OIL,320,54161,7026
4701,MAN,8,I,10,GAS OIL,250,80153,7031
4582,IVECO,16,I,12,GAS OIL,240,20005,7041
6159,MAN,4,I,18,GAS OIL,230,70395,7043
4649,IVECO,10,I,13,GAS OIL,290,43712,7049
6533,IVECO,13,I,12,GAS OIL,290,41934,7062
427,SCANIA,8,II,13,GAS OIL,280,73351,7064
4463,MERCEDES,14,I,12,GAS OIL,280,52146,7094
4843,MAN,7,I,18,GAS OIL,320,52795,7102
501,SCANIA,10,II,13,GAS OIL,280,100088,7109
4611,IVECO,13,I,12,GAS OIL,290,80796,7116
793,VOLVO,3,II,15,GAS OIL,380,137188,7126
4604,IVECO,13,I,12,GAS OIL,290,51507,7128
434,SCANIA,6,II,13,GAS OIL,320,94211,7129
2652,IVECO,12,I,12,GAS OIL,290,74480,7135
6141,MAN,14,I,10,GAS OIL,240,35115,7145
4457,MERCEDES,15,I,12,GAS OIL,280,54220,7160
4639,IVECO,11,I,12,GAS OIL,290,55111,7160
4846,MAN,6,I,18,GAS OIL,320,57570,7166
526,SCANIA,10,II,13,GAS OIL,280,97615,7173
629,SCANIA,10,II,13,GAS OIL,280,93417,7188
4834,MAN,15,I,18,GAS OIL,310,43243,7190
4621,IVECO,12,I,12,GAS OIL,290,42120,7197
6482,MERCEDES,13,I,18,GAS OIL,350,52872,7201
6109,MERCEDES,15,I,12,GAS OIL,200,91783,7209
4838,MAN,7,I,18,GAS OIL,320,57104,7223
4615,IVECO,12,I,12,GAS OIL,290,52180,7231
899,SCANIA,10,III,13,GAS OIL,400,104812,7239
893,SCANIA,10,III,13,GAS OIL,400,99246,7242
430,SCANIA,8,II,13,GAS OIL,280,85070,7254
933,SCANIA,10,I,13,GAS OIL,280,67687,7255
504,SCANIA,10,II,13,GAS OIL,280,68656,7256
4474,MERCEDES,14,I,12,GAS OIL,280,45980,7256
916,SCANIA,6,II,15,GAS OIL,410,152003,7277
666,SCANIA,10,I,12,GAS OIL,280,32898,7281
520,SCANIA,10,II,13,GAS OIL,280,100433,7305
6540,IVECO,11,I,12,GAS OIL,290,33317,7308
4824,MAN,15,I,18,GAS OIL,310,36615,7317
7112,IVECO,13,III,13,GAS OIL,450,26745,7326
7186,SCANIA,9,III,13,GAS OIL,400,24337,7352
538,SCANIA,10,II,13,GAS OIL,280,73991,7359
421,SCANIA,8,II,13,GAS OIL,280,68932,7380
4807,MAN,6,I,12,GAS OIL,280,55060,7386
874,SCANIA,10,II,13,GAS OIL,360,86912,7388
6481,MERCEDES,14,I,18,GAS OIL,350,37064,7395
6550,IVECO,11,I,12,GAS OIL,290,47953,7411
384,IVECO,10,II,13,GAS OIL,330,72717,7414
4850,MAN,6,I,18,GAS OIL,320,56817,7417
419,SCANIA,8,II,13,GAS OIL,280,79733,7435
4816,MAN,17,I,18,GAS OIL,310,21966,7447
6557,IVECO,11,I,12,GAS OIL,290,40724,7448
2295,MAN,15,I,12,GAS OIL,260,34207,7471
4828,MAN,15,I,18,GAS OIL,310,55698,7477
926,VOLVO,4,II,15,GAS OIL,380,156429,7484
540,SCANIA,10,II,13,GAS OIL,280,81657,7496
4839,MAN,7,I,18,GAS OIL,320,55151,7505
814,MERCEDES,4,I,8,GAS OIL,160,54582,7516
7138,IVECO,12,III,13,GAS OIL,450,28887,7517
790,VOLVO,3,II,15,GAS OIL,380,126045,7529
391,IVECO,10,II,13,GAS OIL,330,63196,7532
6155,MAN,5,I,18,GAS OIL,320,64323,7554
6108,MERCEDES,15,I,12,GAS OIL,200,96271,7560
934,SCANIA,10,II,13,GAS OIL,280,62849,7568
522,SCANIA,10,II,13,GAS OIL,280,76677,7594
4631,IVECO,12,I,12,GAS OIL,290,41108,7598
401,SCANIA,10,II,15,GAS OIL,360,50320,7609
4820,MAN,15,I,18,GAS OIL,310,40187,7609
833,VOLVO,4,II,13,GAS OIL,380,126737,7661
980,VOLVO,3,II,15,GAS OIL,380,157726,7673
6216,MAN,5,I,12,GAS OIL,320,81454,7676
791,VOLVO,3,II,15,GAS OIL,380,144321,7691
416,SCANIA,9,II,13,GAS OIL,280,82531,7732
4832,MAN,15,I,18,GAS OIL,310,56888,7741
6093,MERCEDES,18,I,12,GAS OIL,200,62764,7745
6085,MERCEDES,22,I,7,GAS OIL,90,52390,7750
535,SCANIA,10,II,13,GAS OIL,280,65962,7773
2313,MAN,12,I,12,GAS OIL,280,47503,7787
6131,MAN,17,I,10,GAS OIL,220,52083,7804
830,VOLVO,4,II,13,GAS OIL,380,130533,7811
4823,MAN,15,I,18,GAS OIL,310,27631,7828
4840,MAN,7,I,18,GAS OIL,320,49670,7843
632,SCANIA,10,II,13,GAS OIL,280,77772,7848
7247,SCANIA,5,III,13,GAS OIL,410,52920,7855
6113,MERCEDES,13,I,12,GAS OIL,210,96706,7859
624,SCANIA,10,II,13,GAS OIL,280,46897,7863
403,SCANIA,10,II,15,GAS OIL,360,35531,7865
902,SCANIA,9,III,13,GAS OIL,400,96165,7876
2293,MAN,16,I,12,GAS OIL,260,31678,7900
541,SCANIA,8,II,13,GAS OIL,280,72391,7920
4842,MAN,7,I,18,GAS OIL,320,50822,7930
223,SCANIA,14,II,13,GAS OIL,220,50142,7974
7707,SCANIA,3,III,13,GAS OIL,410,67053,7975
914,SCANIA,6,II,13,GAS OIL,410,113661,7977
515,SCANIA,10,II,13,GAS OIL,280,82043,8019
4471,MERCEDES,14,I,12,GAS OIL,280,43238,8044
633,SCANIA,10,II,13,GAS OIL,280,78670,8074
614,SCANIA,10,II,13,GAS OIL,280,103265,8076
6426,MERCEDES,14,I,12,GAS OIL,290,30350,8108
910,SCANIA,7,II,15,GAS OIL,410,112556,8108
639,SCANIA,9,II,13,GAS OIL,280,111499,8113
4706,MAN,8,I,10,GAS OIL,250,44890,8115
6099,MERCEDES,15,I,12,GAS OIL,200,101026,8135
7152,IVECO,11,III,12,GAS OIL,380,32224,8139
8508,SCANIA,8,III,13,GAS OIL,290,40006,8151
6094,MERCEDES,18,I,12,GAS OIL,200,63458,8168
548,SCANIA,6,II,12,GAS OIL,320,64721,8179
428,SCANIA,8,II,13,GAS OIL,280,90055,8205
4830,MAN,15,I,18,GAS OIL,310,26999,8259
139,SCANIA,6,III,12,GAS OIL,180,63536,8284
7139,IVECO,12,III,13,GAS OIL,450,20447,8297
429,SCANIA,8,II,13,GAS OIL,280,86757,8299
113,SCANIA,10,I,12,GAS OIL,280,53662,8308
6431,MERCEDES,14,I,12,GAS OIL,290,34040,8329
4702,MAN,8,I,10,GAS OIL,250,54951,8345
6544,IVECO,11,I,12,GAS OIL,290,48120,8349
881,SCANIA,10,II,15,GAS OIL,360,97392,8368
6569,IVECO,9,I,12,GAS OIL,290,25507,8371
6100,MERCEDES,15,I,12,GAS OIL,200,85746,8373
410,SCANIA,9,II,13,GAS OIL,280,76826,8395
6543,IVECO,11,I,12,GAS OIL,290,37338,8418
6102,MERCEDES,15,I,12,GAS OIL,200,66132,8420
502,SCANIA,10,II,13,GAS OIL,280,72107,8436
505,SCANIA,10,II,13,GAS OIL,280,61085,8441
117,SCANIA,10,I,12,GAS OIL,280,56763,8462
6218,MAN,5,I,12,GAS OIL,320,78647,8504
4453,MERCEDES,15,I,12,GAS OIL,280,30219,8516
536,SCANIA,10,II,13,GAS OIL,280,83813,8519
4652,IVECO,10,I,13,GAS OIL,290,49626,8520
443,VOLVO,3,II,15,GAS OIL,390,139779,8524
7135,IVECO,12,III,12,GAS OIL,380,36645,8532
7137,IVECO,12,III,12,GAS OIL,380,34838,8550
901,SCANIA,9,III,13,GAS OIL,400,116557,8555
4456,MERCEDES,15,I,12,GAS OIL,280,32278,8572
610,SCANIA,10,II,13,GAS OIL,280,80503,8641
4806,MAN,6,I,12,GAS OIL,280,64015,8645
6095,MERCEDES,18,I,12,GAS OIL,200,94232,8674
7142,IVECO,12,III,13,GAS OIL,450,25401,8683
415,SCANIA,9,II,13,GAS OIL,280,87855,8687
2322,MAN,10,I,18,GAS OIL,320,44279,8702
4452,MERCEDES,15,I,12,GAS OIL,280,46610,8712
399,SCANIA,10,II,15,GAS OIL,360,37205,8733
518,SCANIA,10,II,13,GAS OIL,280,68823,8759
6511,IVECO,17,I,12,GAS OIL,240,46698,8767
433,SCANIA,6,II,13,GAS OIL,320,90011,8772
7141,IVECO,12,III,13,GAS OIL,450,33465,8788
6480,MERCEDES,14,I,18,GAS OIL,350,54163,8796
6547,IVECO,11,I,12,GAS OIL,290,46145,8827
7188,SCANIA,9,III,13,GAS OIL,400,37938,8834
115,IVECO,14,I,12,GAS OIL,200,30702,8846
2306,MAN,12,I,12,GAS OIL,280,39192,8862
398,SCANIA,10,II,15,GAS OIL,360,36475,8863
878,SCANIA,10,II,13,GAS OIL,360,84428,8872
7136,IVECO,12,III,12,GAS OIL,380,25925,8887
932,SCANIA,10,I,13,GAS OIL,280,51938,8933
7241,SCANIA,5,III,13,GAS OIL,410,52412,8940
928,VOLVO,4,II,13,GAS OIL,380,128816,8950
4856,MAN,5,I,18,GAS OIL,320,53304,8952
936,SCANIA,9,III,13,GAS OIL,280,57517,8965
392,IVECO,10,II,13,GAS OIL,330,55936,8988
665,SCANIA,10,I,12,GAS OIL,280,41421,9002
907,SCANIA,7,II,15,GAS OIL,410,113003,9014
4703,MAN,8,I,10,GAS OIL,250,53926,9025
8539,IVECO,6,II,12,GAS OIL,260,93797,9026
7155,IVECO,11,I,12,GAS OIL,380,22958,9044
114,IVECO,14,I,12,GAS OIL,200,59352,9044
6545,IVECO,11,I,12,GAS OIL,290,66440,9087
546,SCANIA,6,II,12,GAS OIL,320,78917,9101
7187,SCANIA,9,III,13,GAS OIL,400,36347,9104
425,SCANIA,8,II,13,GAS OIL,280,75420,9151
4855,MAN,5,I,18,GAS OIL,320,55627,9167
4831,MAN,15,I,18,GAS OIL,310,60219,9183
305,SCANIA,6,II,13,GAS OIL,200,84636,9207
7148,IVECO,11,III,13,GAS OIL,450,34262,9260
147,SCANIA,4,I,12,GAS OIL,180,78944,9299
870,SCANIA,10,II,13,GAS OIL,360,82147,9301
880,SCANIA,10,II,13,GAS OIL,360,116795,9339
6205,MAN,6,I,12,GAS OIL,320,66703,9359
4449,MERCEDES,15,I,12,GAS OIL,280,38889,9415
7106,IVECO,13,III,13,GAS OIL,450,37290,9434
609,SCANIA,10,II,13,GAS OIL,280,141231,9436
4819,MAN,15,I,18,GAS OIL,310,50752,9442
6096,MERCEDES,18,I,12,GAS OIL,200,71208,9463
378,SCANIA,10,II,13,GAS OIL,280,63937,9525
911,SCANIA,6,II,15,GAS OIL,410,115040,9612
904,SCANIA,8,III,13,GAS OIL,400,106014,9626
905,SCANIA,8,III,13,GAS OIL,400,108992,9639
539,SCANIA,10,II,13,GAS OIL,280,73837,9683
7823,IVECO,9,III,14,GAS OIL,450,23365,9707
623,SCANIA,10,II,13,GAS OIL,280,93389,9708
6539,IVECO,11,I,12,GAS OIL,290,45383,9716
642,SCANIA,9,II,13,GAS OIL,280,101168,9725
903,SCANIA,8,III,13,GAS OIL,400,124170,9725
6110,MERCEDES,13,I,12,GAS OIL,210,65784,9732
297,SCANIA,8,II,13,GAS OIL,200,70431,9760
876,SCANIA,10,II,13,GAS OIL,360,77114,9794
2436,VOLVO,3,I,11,HIBRIDO PARALELO GASOIL,240,81274,9824
646,SCANIA,9,II,13,GAS OIL,280,94426,9847
7708,SCANIA,3,III,13,GAS OIL,410,51484,9849
882,SCANIA,10,II,15,GAS OIL,360,101889,9874
406,SCANIA,9,II,13,GAS OIL,280,40208,9921
871,SCANIA,10,II,13,GAS OIL,360,80022,9972
294,SCANIA,8,II,13,GAS OIL,200,84897,9996
891,SCANIA,10,II,13,GAS OIL,360,108319,10011
547,SCANIA,6,II,12,GAS OIL,320,64535,10015
7213,SCANIA,8,III,13,GAS OIL,400,70370,10079
7211,SCANIA,8,III,13,GAS OIL,400,68579,10083
4835,MAN,7,I,18,GAS OIL,320,53202,10126
7147,IVECO,11,III,13,GAS OIL,450,53630,10163
7100,IVECO,13,III,12,GAS OIL,380,34483,10219
6228,MAN,5,I,12,GAS OIL,320,72554,10221
7182,SCANIA,10,III,13,GAS OIL,400,32536,10274
879,SCANIA,10,II,13,GAS OIL,360,96157,10276
7715,SCANIA,3,III,13,GAS OIL,410,33418,10277
7108,IVECO,13,III,13,GAS OIL,450,49174,10284
884,SCANIA,10,II,15,GAS OIL,360,87076,10301
7179,SCANIA,10,III,12,GAS OIL,400,58608,10382
912,SCANIA,6,II,15,GAS OIL,410,122507,10450
619,SCANIA,10,II,13,GAS OIL,280,63113,10457
640,SCANIA,9,II,13,GAS OIL,280,113435,10566
379,SCANIA,10,II,13,GAS OIL,280,76595,10602
627,SCANIA,10,II,13,GAS OIL,280,73746,10616
894,SCANIA,10,III,13,GAS OIL,400,97304,10659
7246,SCANIA,5,III,13,GAS OIL,410,69249,10674
514,SCANIA,10,II,13,GAS OIL,280,66561,10730
7250,SCANIA,5,III,13,GAS OIL,410,61425,10749
6092,SCANIA,19,I,12,GAS OIL,190,45220,10762
4853,MAN,6,I,18,GAS OIL,320,24161,10778
7101,IVECO,13,III,12,GAS OIL,380,38690,10781
125,IVECO,11,I,12,GAS OIL,200,57112,10801
4928,SCANIA,9,I,18,GAS OIL,280,42528,10826
622,SCANIA,10,II,13,GAS OIL,280,97958,10848
7151,IVECO,11,III,12,GAS OIL,380,48948,10852
906,SCANIA,8,III,13,GAS OIL,400,126110,10899
420,SCANIA,8,II,13,GAS OIL,280,69247,10922
530,SCANIA,10,II,13,GAS OIL,280,76745,10940
7183,SCANIA,10,III,13,GAS OIL,400,35768,10953
6219,MAN,5,I,12,GAS OIL,320,75335,10963
4605,IVECO,13,I,12,GAS OIL,290,28174,11009
7722,SCANIA,3,III,15,GAS OIL,450,74266,11031
6101,MERCEDES,15,I,12,GAS OIL,200,49175,11043
7236,SCANIA,5,III,13,GAS OIL,410,43664,11096
7134,IVECO,12,III,12,GAS OIL,380,28446,11109
397,IVECO,10,II,13,GAS OIL,330,70741,11156
6114,MERCEDES,13,I,12,GAS OIL,210,93259,11165
7116,IVECO,13,III,13,GAS OIL,450,46657,11216
545,SCANIA,6,II,12,GAS OIL,320,82846,11239
298,SCANIA,7,II,13,GAS OIL,230,52178,11257
7249,SCANIA,5,III,13,GAS OIL,410,97344,11360
7239,SCANIA,5,III,13,GAS OIL,410,58275,11413
7245,SCANIA,5,III,13,GAS OIL,410,57390,11428
2302,MAN,14,I,12,GAS OIL,270,41047,11504
7710,SCANIA,3,III,13,GAS OIL,410,44940,11603
908,SCANIA,7,II,15,GAS OIL,410,143457,11667
7191,SCANIA,9,III,13,GAS OIL,400,48219,11671
7140,IVECO,12,III,13,GAS OIL,450,35391,11675
4826,MAN,15,I,18,GAS OIL,310,57580,11724
517,SCANIA,10,II,13,GAS OIL,280,45640,11743
7224,SCANIA,5,III,13,GAS OIL,410,69365,11753
896,SCANIA,10,III,13,GAS OIL,400,110601,11813
7210,SCANIA,8,III,13,GAS OIL,400,61530,11833
913,SCANIA,6,II,15,GAS OIL,410,120003,11888
641,SCANIA,9,II,13,GAS OIL,280,124183,11927
7150,IVECO,11,III,13,GAS OIL,450,33666,12043
6202,MAN,6,I,12,GAS OIL,320,63682,12179
7226,SCANIA,5,III,13,GAS OIL,410,111600,12187
7194,SCANIA,9,III,13,GAS OIL,400,79772,12202
873,SCANIA,10,II,13,GAS OIL,360,84218,12204
7204,SCANIA,9,III,13,GAS OIL,400,61411,12252
4848,MAN,6,I,18,GAS OIL,320,55260,12367
7202,SCANIA,9,III,13,GAS OIL,400,81502,12408
616,SCANIA,10,II,13,GAS OIL,280,80499,12437
636,SCANIA,10,II,13,GAS OIL,280,108912,12437
7238,SCANIA,5,III,13,GAS OIL,410,68025,12471
617,SCANIA,10,II,13,GAS OIL,280,94971,12472
892,SCANIA,10,II,13,GAS OIL,360,100775,12480
7098,IVECO,13,III,12,GAS OIL,380,26462,12482
608,SCANIA,10,II,13,GAS OIL,280,80672,12585
920,SCANIA,6,II,15,GAS OIL,410,152579,12600
7200,SCANIA,9,III,13,GAS OIL,400,56186,12686
7244,SCANIA,5,III,13,GAS OIL,410,65041,12717
7184,SCANIA,10,III,13,GAS OIL,400,34620,12723
8447,SCANIA,14,I,13,GAS OIL,200,33858,12850
7103,IVECO,13,III,12,GAS OIL,380,53040,12919
2303,MAN,14,I,12,GAS OIL,270,36302,12975
6226,MAN,5,I,12,GAS OIL,320,86288,12995
631,SCANIA,10,II,13,GAS OIL,280,115961,13062
7145,IVECO,12,III,13,GAS OIL,450,31824,13134
7242,SCANIA,5,III,13,GAS OIL,410,65566,13147
6204,MAN,6,I,12,GAS OIL,320,77676,13163
885,SCANIA,10,II,13,GAS OIL,360,90484,13177
7824,IVECO,9,III,14,GAS OIL,450,22141,13231
7199,SCANIA,9,III,13,GAS OIL,400,58779,13501
7197,SCANIA,9,III,13,GAS OIL,400,54141,13511
2311,MAN,12,I,12,GAS OIL,280,39217,13582
6206,MAN,6,I,12,GAS OIL,320,60633,13589
6201,MAN,6,I,12,GAS OIL,320,63721,13662
620,SCANIA,10,II,13,GAS OIL,280,155085,13690
7237,SCANIA,5,III,13,GAS OIL,410,110205,13697
7181,SCANIA,10,I,12,GAS OIL,400,43205,13722
7216,SCANIA,8,III,12,GAS OIL,400,74186,13792
635,SCANIA,10,II,13,GAS OIL,280,112632,13887
7720,SCANIA,3,III,15,GAS OIL,450,79359,14183
7189,SCANIA,9,III,13,GAS OIL,400,49543,14294
7206,SCANIA,8,III,13,GAS OIL,400,58442,14301
7712,SCANIA,3,III,13,GAS OIL,410,50096,14326
898,SCANIA,10,III,13,GAS OIL,400,102149,14471
7229,SCANIA,5,III,13,GAS OIL,410,75048,14508
6111,MERCEDES,13,I,12,GAS OIL,210,91624,14509
7232,SCANIA,5,III,13,GAS OIL,410,92926,14530
7218,SCANIA,8,III,12,GAS OIL,400,61813,14635
544,SCANIA,6,II,12,GAS OIL,320,99750,14638
919,SCANIA,6,II,15,GAS OIL,410,138790,14679
7233,SCANIA,5,III,13,GAS OIL,410,75854,14682
7711,SCANIA,3,III,13,GAS OIL,410,68322,14716
7251,SCANIA,5,III,13,GAS OIL,410,73892,14792
7231,SCANIA,5,III,13,GAS OIL,410,101178,14869
927,VOLVO,4,II,15,GAS OIL,380,128093,14873
7207,SCANIA,8,III,13,GAS OIL,400,80665,14965
7208,SCANIA,8,III,13,GAS OIL,400,51147,14985
7193,SCANIA,9,III,13,GAS OIL,400,58684,15066
7180,SCANIA,10,III,12,GAS OIL,400,70086,15098
7198,SCANIA,9,III,13,GAS OIL,400,32550,15132
7196,SCANIA,9,III,13,GAS OIL,400,59969,15143
7201,SCANIA,9,III,13,GAS OIL,400,26342,15233
7243,SCANIA,5,III,13,GAS OIL,410,69892,15257
7248,SCANIA,5,III,13,GAS OIL,410,49389,15274
883,SCANIA,10,II,15,GAS OIL,360,96872,15298
7235,SCANIA,5,III,13,GAS OIL,410,59098,15323
7227,SCANIA,5,III,13,GAS OIL,410,79949,15348
7154,IVECO,11,III,12,GAS OIL,380,38985,15428
2296,MAN,15,I,18,GAS OIL,320,22198,15501
7222,SCANIA,8,III,12,GAS OIL,400,67787,15546
7723,SCANIA,3,III,15,GAS OIL,450,58917,15616
917,SCANIA,6,II,15,GAS OIL,410,141939,15685
509,SCANIA,10,II,13,GAS OIL,280,79584,15714
7214,SCANIA,8,III,13,GAS OIL,400,59644,15799
7215,SCANIA,8,II,13,GAS OIL,400,56047,16145
872,SCANIA,10,II,13,GAS OIL,360,77594,16232
7192,SCANIA,9,III,13,GAS OIL,400,55421,16671
644,SCANIA,9,II,13,GAS OIL,280,108407,16753
900,SCANIA,9,III,13,GAS OIL,400,116283,16866
435,SCANIA,6,II,13,GAS OIL,320,75299,16904
7220,SCANIA,8,III,12,GAS OIL,400,51188,17346
7219,SCANIA,8,III,12,GAS OIL,400,65114,17395
7190,SCANIA,9,III,13,GAS OIL,400,63988,17442
7230,SCANIA,5,III,13,GAS OIL,410,65498,17481
7719,SCANIA,3,III,15,GAS OIL,450,32079,17533
7717,SCANIA,3,III,15,GAS OIL,450,74138,17620
7221,SCANIA,8,III,12,GAS OIL,400,86126,17658
7234,SCANIA,5,III,13,GAS OIL,410,78307,17880
7217,SCANIA,8,III,12,GAS OIL,400,69000,17976
7195,SCANIA,9,III,13,GAS OIL,400,43808,17992
888,SCANIA,10,II,13,GAS OIL,360,77542,17994
4845,MAN,6,I,18,GAS OIL,320,44359,18149
7153,IVECO,11,III,12,GAS OIL,380,39372,18589
897,SCANIA,10,III,13,GAS OIL,400,93026,19224
8540,IVECO,6,II,12,GAS OIL,260,57655,19246
6107,MERCEDES,15,I,12,GAS OIL,200,86313,19426
909,SCANIA,7,II,15,GAS OIL,410,146061,19871
7203,SCANIA,9,III,13,GAS OIL,400,64375,20053
6106,MERCEDES,15,I,12,GAS OIL,200,58179,20195
7228,SCANIA,5,III,13,GAS OIL,410,85460,20938
643,SCANIA,9,II,13,GAS OIL,280,101477,21058
7225,SCANIA,5,III,13,GAS OIL,410,90912,21127
625,SCANIA,10,II,13,GAS OIL,280,67373,21442
7223,SCANIA,8,I,12,GAS OIL,400,91830,22449
7718,SCANIA,3,III,15,GAS OIL,450,74556,24831
7716,SCANIA,3,III,13,GAS OIL,410,76483,25419
7709,SCANIA,3,III,13,GAS OIL,410,86666,25530
895,SCANIA,10,III,13,GAS OIL,400,68383,29000
7209,SCANIA,8,III,13,GAS OIL,400,58741,30139
